{
  "metrics": {
    "reservation_latency_ms": {
      "type": "trend",
      "contains": "time",
      "values": {
        "max": 251.254,
        "p(90)": 38.72050000000001,
        "p(95)": 41.72305,
        "avg": 29.43263087719298,
        "min": 4.434,
        "med": 28.4275
      }
    },
    "checks": {
      "type": "rate",
      "contains": "default",
      "values": {
        "passes": 11399,
        "fails": 1,
        "rate": 0.9999122807017544
      }
    },
    "error_rate": {
      "type": "rate",
      "contains": "default",
      "values": {
        "rate": 0.00017543859649122806,
        "passes": 1,
        "fails": 5699
      },
      "thresholds": {
        "rate<0.1": {
          "ok": true
        }
      }
    },
    "http_req_receiving": {
      "type": "trend",
      "contains": "time",
      "values": {
        "min": 0.006,
        "med": 0.037,
        "max": 17.65,
        "p(90)": 0.081,
        "p(95)": 0.10504999999999974,
        "avg": 0.04860947368421001
      }
    },
    "iteration_duration": {
      "type": "trend",
      "contains": "time",
      "values": {
        "avg": 529.8480326408765,
        "min": 504.601375,
        "med": 528.8287295,
        "max": 756.102334,
        "p(90)": 539.0212465,
        "p(95)": 542.1008792
      }
    },
    "reservation_success": {
      "type": "counter",
      "contains": "default",
      "values": {
        "count": 5699,
        "rate": 94.28067985386312
      }
    },
    "data_sent": {
      "type": "counter",
      "contains": "data",
      "values": {
        "count": 2604074,
        "rate": 43080.16618876448
      }
    },
    "http_req_duration{expected_response:true}": {
      "type": "trend",
      "contains": "time",
      "values": {
        "max": 251.254,
        "p(90)": 38.714,
        "p(95)": 41.7176,
        "avg": 29.396903316371283,
        "min": 4.434,
        "med": 28.426
      }
    },
    "http_req_sending": {
      "type": "trend",
      "contains": "time",
      "values": {
        "med": 0.011,
        "max": 0.565,
        "p(90)": 0.03,
        "p(95)": 0.036,
        "avg": 0.015801403508772304,
        "min": 0.002
      }
    },
    "iterations": {
      "type": "counter",
      "contains": "default",
      "values": {
        "count": 5700,
        "rate": 94.29722322635898
      }
    },
    "data_received": {
      "type": "counter",
      "contains": "data",
      "values": {
        "count": 4172237,
        "rate": 69022.87083197795
      }
    },
    "vus": {
      "type": "gauge",
      "contains": "default",
      "values": {
        "value": 50,
        "min": 50,
        "max": 50
      }
    },
    "vus_max": {
      "type": "gauge",
      "contains": "default",
      "values": {
        "max": 50,
        "value": 50,
        "min": 50
      }
    },
    "http_req_blocked": {
      "type": "trend",
      "contains": "time",
      "values": {
        "avg": 0.01331807017543859,
        "min": 0,
        "med": 0.003,
        "max": 1.863,
        "p(90)": 0.008,
        "p(95)": 0.01
      }
    },
    "http_req_waiting": {
      "contains": "time",
      "values": {
        "p(95)": 41.66415,
        "avg": 29.368220000000004,
        "min": 4.378,
        "med": 28.3585,
        "max": 251.131,
        "p(90)": 38.677200000000006
      },
      "type": "trend"
    },
    "http_req_failed": {
      "type": "rate",
      "contains": "default",
      "values": {
        "rate": 0.00017543859649122806,
        "passes": 1,
        "fails": 5699
      }
    },
    "http_req_duration": {
      "thresholds": {
        "p(95)<10000": {
          "ok": true
        },
        "p(99)<15000": {
          "ok": true
        }
      },
      "type": "trend",
      "contains": "time",
      "values": {
        "min": 4.434,
        "med": 28.4275,
        "max": 251.254,
        "p(90)": 38.72050000000001,
        "p(95)": 41.72305,
        "avg": 29.43263087719298
      }
    },
    "http_req_tls_handshaking": {
      "values": {
        "avg": 0,
        "min": 0,
        "med": 0,
        "max": 0,
        "p(90)": 0,
        "p(95)": 0
      },
      "type": "trend",
      "contains": "time"
    },
    "http_reqs": {
      "type": "counter",
      "contains": "default",
      "values": {
        "count": 5700,
        "rate": 94.29722322635898
      }
    },
    "http_req_connecting": {
      "contains": "time",
      "values": {
        "p(90)": 0,
        "p(95)": 0,
        "avg": 0.006455263157894736,
        "min": 0,
        "med": 0,
        "max": 0.912
      },
      "type": "trend"
    }
  },
  "root_group": {
    "name": "",
    "path": "",
    "id": "d41d8cd98f00b204e9800998ecf8427e",
    "groups": [],
    "checks": [
        {
          "name": "status 201 Created",
          "path": "::status 201 Created",
          "id": "8ba772d0c0eb5bfd041ba3454b58d175",
          "passes": 5699,
          "fails": 1
        },
        {
          "passes": 5700,
          "fails": 0,
          "name": "no server error",
          "path": "::no server error",
          "id": "a1f3113ea5fdb60d3f1dd8478ffb294b"
        }
      ]
  },
  "options": {
    "summaryTrendStats": [
      "avg",
      "min",
      "med",
      "max",
      "p(90)",
      "p(95)"
    ],
    "summaryTimeUnit": "",
    "noColor": false
  },
  "state": {
    "testRunDurationMs": 60447.167,
    "isStdOutTTY": true,
    "isStdErrTTY": true
  }
}